<?xml version="1.0" encoding="UTF-8"?>
<DevelopmentPlan>
  <Project>
    <Name>Ансестология и Нумерология - Knowledge Base Application</Name>
    <Version>4.1</Version>
    <Created>2026-02-18</Created>
    <Status>Active — Phase 9 Complete (PWA), Phase 4.1 (Mobile) deferred</Status>
  </Project>

  <Overview>
    <Description>
      Приложение для работы с базой знаний по ансестологии и нумерологии.
      Обработано 83 PDF, 2 HTML файла. Двухуровневая архитектура: 
      Lightweight JSON (~41KB) для быстрых расчётов и Full-text SQLite (~100MB) 
      для полнотекстового поиска.
    </Description>
    <DataSources>
      <Source type="pdf" count="83">Теоретические материалы, практики, расчёты</Source>
      <Source type="html" count="2">Дополнительные источники</Source>
      <Source type="json" count="5">Структурированные данные (формулы, практики)</Source>
    </DataSources>
  </Overview>

  <Architecture>
    <Layers>
      <Layer name="Data">
        <Components>
          <Component name="complete_knowledge_base.json">Агрегированные данные</Component>
          <Component name="knowledge_base.db">SQLite база с полным текстом</Component>
          <Component name="Source JSON">Формулы, практики, значения</Component>
        </Components>
      </Layer>
      <Layer name="Processing">
        <Components>
          <Component name="OCR Module">Распознавание PDF → TXT</Component>
          <Component name="Aggregator">Объединение в JSON/SQLite</Component>
          <Component name="Search Engine">Полнотекстовый поиск</Component>
        </Components>
      </Layer>
      <Layer name="Application">
        <Components>
          <Component name="Calculator">Нумерологические расчёты</Component>
          <Component name="Search Interface">Поиск по базе</Component>
          <Component name="Practices Module">Работа с практиками</Component>
        </Components>
      </Layer>
      <Layer name="Presentation">
        <Components>
          <Component name="Web UI">Браузерное приложение</Component>
          <Component name="CLI">Командная строка</Component>
          <Component name="API">REST интерфейс</Component>
        </Components>
      </Layer>
    </Layers>
  </Architecture>

  <Phases>
    <Phase id="1" name="MVP" duration="2 weeks" status="completed" completedDate="2026-02-18">
      <Goals>
        <Goal status="completed">Базовый калькулятор нумерологии</Goal>
        <Goal status="completed">CLI интерфейс</Goal>
        <Goal status="completed">Чтение JSON данных</Goal>
      </Goals>
      <Tasks>
        <Task id="1.1" priority="high" status="completed">
          <Title>Создать KnowledgeBase класс</Title>
          <Description>Python класс для работы с JSON данными</Description>
          <EstimatedHours>8</EstimatedHours>
          <ActualHours>6</ActualHours>
        </Task>
        <Task id="1.2" priority="high" status="completed">
          <Title>Реализовать калькулятор пути жизни</Title>
          <Description>Расчёт по дате рождения</Description>
          <EstimatedHours>4</EstimatedHours>
          <ActualHours>2</ActualHours>
        </Task>
        <Task id="1.3" priority="medium" status="completed">
          <Title>Реализовать расчёт числа рождения</Title>
          <Description>Базовый расчёт по дню</Description>
          <EstimatedHours>3</EstimatedHours>
          <ActualHours>1</ActualHours>
        </Task>
        <Task id="1.4" priority="medium" status="completed">
          <Title>Создать CLI интерфейс</Title>
          <Description>Интерактивный ввод данных</Description>
          <EstimatedHours>6</EstimatedHours>
          <ActualHours>4</ActualHours>
        </Task>
        <Task id="1.5" priority="low" status="completed">
          <Title>Добавить остальные формулы</Title>
          <Description>Остальные 13 формул из JSON</Description>
          <EstimatedHours>8</EstimatedHours>
          <ActualHours>3</ActualHours>
        </Task>
      </Tasks>
      <Deliverables>
        <Deliverable status="completed">Работающий калькулятор в командной строке (calculator_cli.py)</Deliverable>
        <Deliverable status="completed">Документация по использованию (README_MVP.md)</Deliverable>
        <Deliverable status="completed">Основной модуль (knowledge_base.py)</Deliverable>
      </Deliverables>
      <Summary>
        MVP успешно завершён. Создан полнофункциональный CLI калькулятор с 9 функциями.
        Все 15 формул реализованы. База данных: 105 документов, 898K символов.
      </Summary>
    </Phase>

    <Phase id="2" name="Core" duration="4 weeks" status="completed" startDate="2026-02-18" completedDate="2026-02-18">
      <Goals>
        <Goal status="completed">Web-интерфейс</Goal>
        <Goal status="completed">Полнотекстовый поиск</Goal>
        <Goal status="completed">Система практик</Goal>
      </Goals>
      <Tasks>
        <Task id="2.1" priority="high" status="completed">
          <Title>Создать веб-интерфейс</Title>
          <Description>HTML/CSS/JS калькулятор с 9 разделами, адаптивный дизайн, загрузка JSON данных</Description>
          <EstimatedHours>16</EstimatedHours>
          <ActualHours>14</ActualHours>
          <Files>
            <File>app/index.html</File>
          </Files>
        </Task>
        <Task id="2.2" priority="high" status="completed">
          <Title>Создать API сервер</Title>
          <Description>HTTP сервер с endpoints для поиска в SQLite</Description>
          <EstimatedHours>8</EstimatedHours>
          <ActualHours>6</ActualHours>
          <Files>
            <File>api_server.py</File>
          </Files>
        </Task>
        <Task id="2.3" priority="high" status="completed">
          <Title>Интегрировать SQLite поиск</Title>
          <Description>Поиск по всем 105 документам через API с fallback на локальный поиск</Description>
          <EstimatedHours>6</EstimatedHours>
          <ActualHours>4</ActualHours>
        </Task>
        <Task id="2.4" priority="medium" status="completed">
          <Title>Модуль практик</Title>
          <Description>Отображение 8 практик с шагами</Description>
          <EstimatedHours>8</EstimatedHours>
          <ActualHours>4</ActualHours>
        </Task>
        <Task id="2.5" priority="low" status="completed">
          <Title>Адаптивный дизайн</Title>
          <Description>Mobile-first подход, responsive layout</Description>
          <EstimatedHours>6</EstimatedHours>
          <ActualHours>4</ActualHours>
        </Task>
      </Tasks>
      <Deliverables>
        <Deliverable status="completed">Веб-приложение (app/index.html) с 9 разделами</Deliverable>
        <Deliverable status="completed">API сервер (api_server.py) с CORS</Deliverable>
        <Deliverable status="completed">Полнотекстовый поиск по 105 документам через API</Deliverable>
        <Deliverable status="completed">Fallback поиск (если сервер недоступен)</Deliverable>
        <Deliverable status="completed">Mobile-friendly интерфейс</Deliverable>
      </Deliverables>
      <Progress>100%</Progress>
      <Summary>Phase 2 завершён. Создано полноценное веб-приложение с API для поиска по всей базе знаний.</Summary>
    </Phase>

    <Phase id="3" name="Advanced" duration="6 weeks" status="completed" startDate="2026-02-18" completedDate="2026-02-18">
      <Goals>
        <Goal status="completed">AI-консультант</Goal>
        <Goal status="completed">Пользовательские профили</Goal>
        <Goal status="completed">История расчётов</Goal>
        <Goal status="completed">Telegram бот</Goal>
        <Goal status="completed">Centralizovannoe upravlenie</Goal>
      </Goals>
      <Summary>Phase 3 Advanced zavershena uspeshno. Sozdany: AI-konsultant s RAG, sistema istorii raschetov s profiljami polzovatelej, Telegram bot s polnym funkcionalom, centralizovannyj skript upravlenija (manage.py).</Summary>
      <Progress>100%</Progress>
      <Tasks>
        <Task id="3.6" priority="high" status="completed">
          <Title>Centralizovannoe upravlenie (manage.py)</Title>
          <Description>Edinyj skript upravlenija vsemi komponentami: diagnostika, nastrojka, zapusk CLI/Web/Telegram</Description>
          <EstimatedHours>6</EstimatedHours>
          <ActualHours>4</ActualHours>
          <Files>
            <File>manage.py</File>
          </Files>
        </Task>
        <Task id="3.1" priority="high" status="completed">
          <Title>Интеграция с OpenAI</Title>
          <Description>AI-консультант с RAG (Retrieval Augmented Generation), поиск по базе + OpenAI API</Description>
          <EstimatedHours>20</EstimatedHours>
          <ActualHours>8</ActualHours>
          <Files>
            <File>ai_consultant.py</File>
          </Files>
        </Task>
        <Task id="3.2" priority="high" status="completed">
          <Title>Система пользователей и история</Title>
          <Description>Регистрация пользователей, сохранение истории расчётов, статистика, экспорт</Description>
          <EstimatedHours>16</EstimatedHours>
          <ActualHours>10</ActualHours>
          <Files>
            <File>history_manager.py</File>
          </Files>
        </Task>
        <Task id="3.3" priority="medium" status="completed">
          <Title>Telegram Bot</Title>
          <Description>Бот для быстрых расчётов и консультаций, inline кнопки, 5 типов расчётов, AI-консультант</Description>
          <EstimatedHours>10</EstimatedHours>
          <ActualHours>8</ActualHours>
          <Files>
            <File>telegram_bot.py</File>
          </Files>
        </Task>
        <Task id="3.4" priority="medium" status="completed" completedDate="2026-02-19" completedInPhase="6">
          <Title>Рекомендательная система</Title>
          <Description>Практики на основе результатов</Description>
          <EstimatedHours>14</EstimatedHours>
        </Task>
        <Task id="3.5" priority="low" status="completed" completedDate="2026-02-18" completedInPhase="3">
          <Title>Telegram бот</Title>
          <Description>Быстрые расчёты через бот</Description>
          <EstimatedHours>10</EstimatedHours>
        </Task>
      </Tasks>
      <Deliverables>
        <Deliverable>AI-консультант</Deliverable>
        <Deliverable>Персональные профили</Deliverable>
      </Deliverables>
    </Phase>

    <!-- ═══════════════════════════════════════════════════════════ -->
    <!-- PHASE 5: REFACTOR &amp; POLISH — добавлена по итогам аудита    -->
    <!-- Дата аудита: 2026-02-19, аудитор: Claude (Anthropic)       -->
    <!-- Проблемы: хардкод путей, 2 сервера, LIKE-поиск, монолит    -->
    <!-- ═══════════════════════════════════════════════════════════ -->
    <Phase id="5" name="Refactor and Polish" duration="3 weeks" status="completed" startDate="2026-02-19" completedDate="2026-02-19">
      <Goals>
        <Goal status="completed">Устранить критические архитектурные проблемы из аудита</Goal>
        <Goal status="completed">Объединить два сервера в единый FastAPI</Goal>
        <Goal status="completed">Перевести поиск на SQLite FTS5</Goal>
        <Goal status="completed">Переработать UX: единый ввод даты → все расчёты</Goal>
        <Goal status="completed">Сохранение профиля пользователя (LocalStorage)</Goal>
        <Goal status="completed">Chat-интерфейс для AI-консультанта</Goal>
      </Goals>

      <!-- ─── НЕДЕЛЯ 1: Порядок и инфраструктура ─── -->
      <Sprint id="5.1" name="Порядок в проекте" week="1" status="completed" completedDate="2026-02-19">
        <Task id="5.1.1" priority="critical" status="completed" completedDate="2026-02-19">
          <Title>Создать requirements.txt</Title>
          <Description>Зафиксированы все зависимости: fastapi, uvicorn, openai, python-telegram-bot, beautifulsoup4, python-dotenv, aiofiles</Description>
          <EstimatedHours>0.5</EstimatedHours>
          <File>requirements.txt</File>
        </Task>
        <Task id="5.1.2" priority="critical" status="completed" completedDate="2026-02-19">
          <Title>Убрать хардкод пути к PDF</Title>
          <Description>Заменён на os.getenv("PDF_FOLDER", "./ocr_results") в manage.py и aggregate_json.py. Обновлён .env.example.</Description>
          <EstimatedHours>0.5</EstimatedHours>
          <File>.env.example, manage.py, aggregate_json.py</File>
        </Task>
        <Task id="5.1.3" priority="critical" status="completed" completedDate="2026-02-19">
          <Title>Удалить дублированную папку</Title>
          <Description>Папка knowledge_base_v2/knowledge_base_v2/ удалена. Основная БД: 2.6MB (107 документов). Дублирующая была 32KB — старая версия.</Description>
          <EstimatedHours>0.5</EstimatedHours>
        </Task>
        <Task id="5.1.4" priority="high" status="completed" completedDate="2026-02-19">
          <Title>Добавить .gitignore</Title>
          <Description>Создан .gitignore: исключены __pycache__, .env, *.db, *.pyc, ocr_results/, PDF-файлы</Description>
          <EstimatedHours>0.3</EstimatedHours>
          <File>.gitignore</File>
        </Task>
        <Task id="5.1.5" priority="high" status="completed" completedDate="2026-02-19">
          <Title>Объединить в единый FastAPI сервер</Title>
          <Description>Создан main.py: FastAPI заменяет api_server.py + launch_web.py. Единый порт 8000. Статика через StaticFiles. Endpoints: /api/search, /api/calculate, /api/ask, /api/formulas, /api/practices, /api/stats, /api/health. Swagger: /docs.</Description>
          <EstimatedHours>4</EstimatedHours>
          <File>main.py</File>
        </Task>
        <Task id="5.1.6" priority="high" status="completed" completedDate="2026-02-19">
          <Title>Перевести поиск на SQLite FTS5</Title>
          <Description>Создан processor/rebuild_fts.py. FTS5 виртуальная таблица documents_fts создана и протестирована (107 документов, BM25-ранжирование). Скрипт автоматически создаёт индекс при первом запросе (ensure_fts в main.py).</Description>
          <EstimatedHours>3</EstimatedHours>
          <File>processor/rebuild_fts.py, main.py</File>
        </Task>
        <Summary>Sprint 5.1 завершён 2026-02-19. Устранены все критические архитектурные проблемы из аудита. Проект теперь запускается на любой машине: python main.py → http://localhost:8000</Summary>
      </Sprint>

      <!-- ─── НЕДЕЛЯ 2: UX переработка ─── -->
      <Sprint id="5.2" name="Новый UX" week="2" status="completed" completedDate="2026-02-19">
        <Task id="5.2.1" priority="critical" status="completed" completedDate="2026-02-19">
          <Title>Новый главный экран: дата → все расчёты</Title>
          <Description>Переписан app/index.html (519 строк вместо 839). Единый ввод даты → 4 карточки результатов одновременно. Сохранение в LocalStorage. Тёмная тема, Cormorant Garamond + Inter. Убран транслит.</Description>
          <EstimatedHours>8</EstimatedHours>
          <File>app/index.html (полностью переписан), backup: app/index.html.v2.bak</File>
        </Task>
        <Task id="5.2.2" priority="high" status="deferred">
          <Title>Онбординг для новых пользователей</Title>
          <Description>Отложено — текущий пустой экран с инструкцией уже выполняет функцию онбординга</Description>
          <EstimatedHours>3</EstimatedHours>
        </Task>
        <Task id="5.2.3" priority="high" status="completed" completedDate="2026-02-19">
          <Title>Chat-интерфейс для AI-консультанта</Title>
          <Description>Реализован чат с историей сообщений, индикатором печатания (3 точки), подсказками-предложениями, ссылками на источники. Отправка Enter или кнопкой. Fallback-сообщение при недоступном API.</Description>
          <EstimatedHours>6</EstimatedHours>
          <File>app/index.html (секция page-ai)</File>
        </Task>
        <Task id="5.2.4" priority="medium" status="completed" completedDate="2026-02-19">
          <Title>Живой поиск с debounce и фильтрами</Title>
          <Description>Debounce 300ms, фильтры-чипы по категориям (загружаются из /api/categories), модальное окно с полным текстом документа</Description>
          <EstimatedHours>4</EstimatedHours>
          <File>app/index.html (секция page-search)</File>
        </Task>
        <Task id="5.2.5" priority="medium" status="completed" completedDate="2026-02-19">
          <Title>Мобильное меню (нижний tab bar)</Title>
          <Description>На мобиле боковой сайдбар трансформируется в нижний tab bar с иконками. Media query 768px.</Description>
          <EstimatedHours>3</EstimatedHours>
          <File>app/index.html (CSS media query)</File>
        </Task>
        <Summary>Sprint 5.2 завершён 2026-02-19. Полная переработка UI: тёмная тема, единый dashboard, чат AI, живой поиск, мобильная адаптация. Пошаговые практики с открытием в модальном окне.</Summary>
      </Sprint>
      <!-- ─── НЕДЕЛЯ 3: Полировка ─── -->
      <!-- ─── НЕДЕЛЯ 3: Полировка ─── -->
      <Sprint id="5.3" name="Полировка" week="3" status="completed" startDate="2026-02-19" completedDate="2026-02-19">
        <!-- КОНСПЕКТ НАЧАЛА (2026-02-19):
             5.3.1 — Wizard-модал практик; 5.3.2 — Error/empty states; 5.3.3 — Docker/Deploy
        -->
        <Task id="5.3.1" priority="medium" status="completed" completedDate="2026-02-19">
          <Title>Пошаговые практики с таймером</Title>
          <Description>Wizard-модал: шаг N из M, прогресс-бар, countdown-таймер (авто-определение минут/сек из текста), кнопки Назад/Далее/Завершить, финальный экран</Description>
          <EstimatedHours>5</EstimatedHours><ActualHours>3</ActualHours>
          <File>index.html — renderWiz, wizStep, wizDone, toggleTimer + CSS .wiz-*</File>
        </Task>
        <Task id="5.3.2" priority="medium" status="completed" completedDate="2026-02-19">
          <Title>Пустые состояния и состояния ошибок</Title>
          <Description>error-banner (toast, auto-dismiss 6s), shimmer-скелетоны вместо спиннеров, showEmptySearch с кнопкой сброса, showError в catch-блоках всех API-запросов</Description>
          <EstimatedHours>3</EstimatedHours><ActualHours>2</ActualHours>
          <File>index.html — showError, skeletonCards, skeletonList, showEmptySearch + CSS</File>
        </Task>
        <Task id="5.3.3" priority="low" status="completed" completedDate="2026-02-19">
          <Title>Деплой (Render / Railway / Docker)</Title>
          <Description>Dockerfile (python:3.11-slim, healthcheck), Procfile (Railway/Heroku), render.yaml (frankfurt, autoDeploy, envVars), .dockerignore</Description>
          <EstimatedHours>4</EstimatedHours><ActualHours>2</ActualHours>
          <File>Dockerfile, Procfile, render.yaml, .dockerignore</File>
        </Task>
        <!-- КОНСПЕКТ ЗАВЕРШЕНИЯ Sprint 5.3: 2026-02-19
             ✅ Wizard-практики: renderWiz() с прогресс-баром и таймером реализован
             ✅ Error/empty states: toast + shimmer + empty-search во всех секциях
             ✅ Deploy files: Dockerfile + Procfile + render.yaml готовы к использованию
             МЕТРИКИ: index.html 519 → 710 строк, 4 новых файла деплоя
             Phase 5 полностью завершена. Следующий этап: Phase 4 Scale.
        -->
        <Summary>Sprint 5.3 завершён 2026-02-19. Реализованы wizard-практики с таймером, error/empty-states, файлы деплоя (Docker, Render, Railway).</Summary>
      </Sprint>

      <Deliverables>
        <Deliverable status="completed">main.py — единый FastAPI сервер (порт 8000)</Deliverable>
        <Deliverable status="completed">requirements.txt с зафиксированными зависимостями</Deliverable>
        <Deliverable status="completed">FTS5 поиск вместо LIKE</Deliverable>
        <Deliverable status="completed">Новый главный экран — дата → все расчёты сразу</Deliverable>
        <Deliverable status="completed">Chat UI для AI-консультанта</Deliverable>
        <Deliverable status="completed">Онбординг для новых пользователей</Deliverable>
      </Deliverables>
    </Phase>

    <!-- ═══════════════════════════════════════════════════════════════ -->
    <!-- PHASE 4-W: WEB SCALE — прагматичная веб-адаптация Phase 4    -->
    <!-- Дата старта: 2026-02-19                                       -->
    <!-- Контекст: Phase 5 завершена, мобильное приложение отложено   -->
    <!-- ═══════════════════════════════════════════════════════════════ -->
    <Phase id="4W" name="Web Scale" duration="2 weeks" status="completed" startDate="2026-02-19" completedDate="2026-02-19">
      <Goals>
        <Goal status="completed">Личный кабинет — история расчётов в localStorage</Goal>
        <Goal status="completed">Расширенные карточки чисел (+/-качества, профессии)</Goal>
        <Goal status="completed">Экспорт и копирование результатов</Goal>
        <Goal status="completed">Обогащение практик без шагов</Goal>
      </Goals>
      <!-- КОНСПЕКТ НАЧАЛА: 2026-02-19
           Анализ текущего состояния:
           - index.html 709 строк, wizard-практики, skeleton-states, error-banner
           - number_meanings.json: 11 чисел, у каждого: title, keywords, positive, negative, professions
           - practices.json: 8 практик, из них 5 с steps=[] (пустые шаги)
           - getMeaning() отображает только title+keywords+desc[:120] — не использует positive/negative/professions
           - LocalStorage хранит только последний расчёт (bday), истории нет
           Решение:
           4W.1 — История расчётов: новая секция "История" + localStorage с массивом записей
           4W.2 — Богатые карточки: expandable details с positive/negative/professions + copy/share
           4W.3 — Обогащение практик: добавить шаги к 5 пустым практикам в practices.json
      -->

      <Sprint id="4W.1" name="Личный кабинет" status="completed" startDate="2026-02-19" completedDate="2026-02-19">
        <Task id="4W.1.1" priority="high" status="completed" completedDate="2026-02-19">
          <Title>История расчётов (localStorage)</Title>
          <Description>Новая секция «История»: сохраняем каждый расчёт в localStorage-массив (макс 50), отображаем timeline карточек, клик — перезаполняет форму и показывает результаты. Кнопка «очистить историю».</Description>
          <EstimatedHours>5</EstimatedHours>
          <File>index.html — секция page-history, saveToHistory(), loadHistory(), renderHistory()</File>
        </Task>
        <Task id="4W.1.2" priority="high" status="completed" completedDate="2026-02-19">
          <Title>Кнопка «Экспорт / Поделиться»</Title>
          <Description>После расчёта — кнопка «Скопировать результат» (copy-to-clipboard текстовый отчёт) и «Поделиться URL» (?d=15&amp;m=6&amp;y=1990 в адресной строке — автозаполнение формы при открытии).</Description>
          <EstimatedHours>3</EstimatedHours>
          <File>index.html — exportResult(), shareURL(), parseURLParams()</File>
        </Task>
      </Sprint>

      <Sprint id="4W.2" name="Богатые карточки" status="completed" startDate="2026-02-19" completedDate="2026-02-19">
        <Task id="4W.2.1" priority="high" status="completed" completedDate="2026-02-19">
          <Title>Expandable карточки чисел</Title>
          <Description>Каждая result-card получает кнопку «Подробнее ▾»: раскрывается блок с positive traits (зелёные чипы), negative traits (красные чипы), рекомендуемые профессии. Плавная CSS-анимация.</Description>
          <EstimatedHours>4</EstimatedHours>
          <File>index.html — toggleCardDetail(), CSS .card-detail, .trait-chip.pos/.neg</File>
        </Task>
        <Task id="4W.2.2" priority="medium" status="completed" completedDate="2026-02-19">
          <Title>Обогащение пустых практик</Title>
          <Description>5 практик имеют steps=[]: Практика плетения Родового пояса, Принятия исключённых, Беседа с внутренним ребёнком, Сборник медитаций, Сборник молитв. Добавить осмысленные шаги из контекста ансестологии.</Description>
          <EstimatedHours>3</EstimatedHours>
          <File>practices.json (обновлённый)</File>
        </Task>
      </Sprint>

      <!-- КОНСПЕКТ ЗАВЕРШЕНИЯ Phase 4-W: 2026-02-19
           ✅ 4W.1.1 — История расчётов: localStorage array (max 50), timeline-карточки,
                       клик → restoreFromHistory → автозаполнение формы + recalculate
                       badge-счётчик на nav-кнопке, кнопка очистки
           ✅ 4W.1.2 — Экспорт: copyResult() → текстовый отчёт в буфер обмена;
                       shareURL() → URL с ?d=&amp;m=&amp;y=&amp;n= в буфер; parseURLParams() при загрузке
           ✅ 4W.2.1 — Expandable карточки: toggleDetail(), CSS .card-detail, .trait-chip.pos/neg/prof;
                       кнопка «Подробнее ▾» / «▴» с анимацией
           ✅ 4W.2.2 — practices.json обогащён: 5 пустых практик получили шаги (всего 8/8 практик с шагами):
                       Плетение пояса (6), Принятие исключённых (6), Беседа с ребёнком (7),
                       Сборник медитаций (4), Сборник молитв (5)
           МЕТРИКИ: index.html 709 → 920 строк (+211); practices.json 8/8 практик со шагами
           JS синтаксис проверен node - -check ✅
           СЛЕДУЮЩИЙ ЭТАП: Phase 4 Scale (4.2 комментарии / 4.3 кабинет практика)
      -->
      <Deliverables>
        <Deliverable status="completed">Секция «История» с localStorage timeline</Deliverable>
        <Deliverable status="completed">Кнопки «Копировать» и «Поделиться URL»</Deliverable>
        <Deliverable status="completed">Expandable карточки с positive/negative/professions</Deliverable>
        <Deliverable status="completed">practices.json с заполненными шагами для всех 8 практик</Deliverable>
      </Deliverables>
    </Phase>

    <!-- ═══════════════════════════════════════════════════════════════════ -->
    <!-- PHASE 6: VISUALIZATION &amp; RECOMMENDATIONS                           -->
    <!-- Аудит 2026-02-19: найдено 2 критических бага + 2 функциональных   -->
    <!-- gap — реализация завершена в ту же сессию                          -->
    <!-- ═══════════════════════════════════════════════════════════════════ -->
    <Phase id="6" name="Visualization and Recommendations" duration="1 day"
           status="completed" startDate="2026-02-19" completedDate="2026-02-19">

      <!-- ═══ КОНСПЕКТ НАЧАЛА 2026-02-19 ═══
           АУДИТ index.html (920 строк) выявил:

           BUG-1 CRITICAL: #error-banner CSS содержит display:none И display:flex
             в одном правиле → браузер применяет последнее → баннер ВСЕГДА виден.
             Фикс: убрать display:none из базового правила, оставить display:flex.
             Видимость управляется только через .hidden{display:none!important}.

           BUG-2 STAT: Phase 5 deliverables помечены status="pending" хотя все
             реализованы (Sprint 5.1/5.2/5.3 completed). Исправлено в XML.

           GAP-1 DATA: number_meanings.json — числа 11 и 22 (мастер-числа)
             имеют positive=[], negative=[], professions=[] → expandable-карточки
             для мастер-чисел показывают пустой блок.
             Фикс: добавить полные данные (11=Провидец, 22=Мастер-строитель).

           GAP-2 UX: После расчёта нет ВИЗУАЛИЗАЦИИ профиля и РЕКОМЕНДАЦИЙ
             практик — это самые ценные фичи с точки зрения удержания пользователя.
             Реализация: Canvas radar chart + секция рекомендованных практик.

           ПЛАН:
           6.1 — Bug fixes (error-banner CSS, master numbers JSON)
           6.2 — Canvas radar chart (4 оси, градиент, анимация, без libs)
           6.3 — Рекомендации практик (RECO_MAP по life_path → 3 карточки)
      -->


      <!-- ═══ КОНСПЕКТ ЗАВЕРШЕНИЯ 2026-02-19 ═══
           ✅ 6.1.1 error-banner CSS: убран display:none,
                    оставлен display:flex + .hidden{display:none!important}
           ✅ 6.1.2 number_meanings.json: числа 11 (Провидец) и 22 (Мастер-строитель)
                    получили по 6 positive, 6 negative, 8 professions
           ✅ 6.2.1 drawRadar(): Canvas 300×300, DPR-aware, 4 оси, easeOutCubic 800ms,
                    radialGradient gold→purple, dots с цветами осей, подписи
           ✅ 6.3.1 renderRecommendations(): RECO_MAP[1..9,11,22], 3 карточки,
                    кнопка «▶ Начать практику» → openPr(JSON), fallback по модулю 9
           МЕТРИКИ:
             index.html: 920 → 1142 строки (+222)
             number_meanings.json: 11/11 чисел с полными данными (было 9/11)
             JS функций добавлено: 2 (drawRadar, renderRecommendations)
             CSS классов добавлено: 9 (.radar-*, .reco-*, .btn-reco)
             JS syntax node - -check: ✅
           СЛЕДУЮЩИЙ ЭТАП: Phase 4 Scale или Phase 7 (онбординг, PWA, offline)
      -->
      <Goals>
        <Goal status="completed">Исправить BUG-1: error-banner всегда виден</Goal>
        <Goal status="completed">Дополнить мастер-числа 11 и 22</Goal>
        <Goal status="completed">Canvas radar chart нумерологического профиля</Goal>
        <Goal status="completed">Блок рекомендованных практик по числу жизни</Goal>
      </Goals>

      <Sprint id="6.1" name="Bug fixes" status="completed" startDate="2026-02-19" completedDate="2026-02-19">
        <Task id="6.1.1" priority="critical" status="completed" completedDate="2026-02-19">
          <Title>Фикс error-banner (display:none + display:flex конфликт)</Title>
          <Description>CSS: убрать display:none, оставить display:flex.
            Класс .hidden управляет видимостью через display:none!important.</Description>
          <EstimatedHours>0.25</EstimatedHours>
          <File>index.html — #error-banner CSS</File>
        </Task>
        <Task id="6.1.2" priority="high" status="completed" completedDate="2026-02-19">
          <Title>Мастер-числа 11 и 22 в number_meanings.json</Title>
          <Description>Добавить positive, negative, professions для чисел
            11 (Провидец: интуиция, духовность) и
            22 (Мастер-строитель: воплощение, созидание).</Description>
          <EstimatedHours>0.5</EstimatedHours>
          <File>data/number_meanings.json</File>
        </Task>
      </Sprint>

      <Sprint id="6.2" name="Radar chart" status="completed" startDate="2026-02-19" completedDate="2026-02-19">
        <Task id="6.2.1" priority="high" status="completed" completedDate="2026-02-19">
          <Title>Canvas radar chart числового профиля</Title>
          <Description>4-осевой радар (ЧР, ПЖ, ФК, ЧС). Нормализация 1-9→%,
            11→92%, 22→100%. Gradient fill золото→пурпур. Анимация 800ms
            через requestAnimationFrame. devicePixelRatio-aware. Без внешних libs.
            Появляется под карточками результата.</Description>
          <EstimatedHours>4</EstimatedHours>
          <File>index.html — drawRadar(), CSS .radar-section/.radar-wrap</File>
        </Task>
      </Sprint>

      <Sprint id="6.3" name="Recommendations" status="completed" startDate="2026-02-19" completedDate="2026-02-19">
        <Task id="6.3.1" priority="high" status="completed" completedDate="2026-02-19">
          <Title>Рекомендации практик по числу жизни</Title>
          <Description>RECO_MAP: life_path (1-9,11,22) → индексы практик.
            renderRecommendations() → 3 карточки с кнопкой «Начать» → openPr().
            Fallback: если нет life_path, берём birth_number.</Description>
          <EstimatedHours>3</EstimatedHours>
          <File>index.html — RECO_MAP const, renderRecommendations()</File>
        </Task>
      </Sprint>

      <Deliverables>
        <Deliverable status="completed">error-banner CSS исправлен</Deliverable>
        <Deliverable status="completed">number_meanings.json: 11 и 22 с полными данными</Deliverable>
        <Deliverable status="completed">Canvas radar chart (анимированный, без libs)</Deliverable>
        <Deliverable status="completed">Блок рекомендованных практик под профилем</Deliverable>
      </Deliverables>
    </Phase>

    <!-- ═══════════════════════════════════════════════════════════════════════════ -->
    <!-- PHASE 8: PRACTITIONER CABINET + COMMENTS + EXTENDED API                  -->
    <!-- Дата аудита: 2026-02-19  |  Исполнитель: Claude (Anthropic)              -->
    <!--                                                                           -->
    <!-- КОНСПЕКТ НАЧАЛА (START):                                                  -->
    <!-- Статус проекта после аудита pdf3.zip:                                     -->
    <!--   app/index.html — 1142 строки, Phase 6 завершена (radar, reco, history) -->
    <!--   main.py — 425 строк, FastAPI v3.0, FTS5, /api/ask, /api/calculate      -->
    <!--   DevelopmentPlan.xml — Phases 1,2,3,5,4W,6 = completed                  -->
    <!--   PENDING: 4.2 комментарии, 4.3 кабинет практика, 4.4 ext API           -->
    <!--                                                                           -->
    <!-- ПЛАН Phase 8:                                                             -->
    <!--   8.1 — Комментарии к практикам (localStorage, UI в wizard-модале)       -->
    <!--   8.2 — Кабинет практика (клиенты, расчёты, заметки, история сеансов)    -->
    <!--   8.3 — Расширенный API (bulk-calculate, export TXT)                     -->
    <!--                                                                           -->
    <!-- АРХИТЕКТУРНЫЕ РЕШЕНИЯ:                                                    -->
    <!--   localStorage['practice_comments'] = {id: [{ts, text}]}                 -->
    <!--   localStorage['practitioner_clients'] = [{id,name,dob,notes,sessions}]  -->
    <!--   POST /api/bulk-calculate — массив дат → массив результатов              -->
    <!--   GET  /api/export         — текстовый отчёт по расчёту                  -->
    <!--                                                                           -->
    <!-- ═══ КОНСПЕКТ ЗАВЕРШЕНИЯ (DONE): 2026-02-19 ═══                           -->
    <!-- ✅ 8.1.1 — Комментарии к практикам:                                      -->
    <!--     wizDone() расширен: форма заметки + список предыдущих заметок        -->
    <!--     saveComment(prId), loadComments(prId), deleteComment(prId,idx)        -->
    <!--     renderComments(prId) — в финале wizard и updatePrBadge(prId)          -->
    <!--     Бейджи «📝 N заметок» на карточках практик                           -->
    <!--     localStorage['practice_comments'][id] = [{ts,text}] (max 20)         -->
    <!-- ✅ 8.2.1 — Кабинет практика:                                              -->
    <!--     Секция page-cabinet — 7-я секция приложения                           -->
    <!--     Кнопка «◉ Кабинет» в sidebar + cab-badge с количеством клиентов      -->
    <!--     Форма добавления: ФИО + день/месяц/год → localCalc() при добавлении  -->
    <!--     clients-grid: карточки с ЧР/ПЖ/ФК/ЧС, кнопки Пересчитать/Заметки/✕ -->
    <!--     openClientModal(id): история сеансов + заметки практика               -->
    <!--     localStorage['practitioner_clients'] (CRUD, max 30 сеансов/клиент)   -->
    <!-- ✅ 8.3.1 — POST /api/bulk-calculate:                                      -->
    <!--     BulkRequest: clients[{day,month,year,name?}] (max 50)                 -->
    <!--     HybridKnowledgeBase → birth/life/finance/destiny для каждого          -->
    <!--     Ответ: {results:[{index,name,success,...calcs}]}                      -->
    <!-- ✅ 8.3.2 — GET /api/export:                                               -->
    <!--     Query: day,month,year,name(opt) → text/plain UTF-8                   -->
    <!--     Content-Disposition: attachment; filename="numerology_DD.MM.YYYY.txt" -->
    <!--     Красиво оформленный отчёт (═══, числа + значения + ключевые слова)   -->
    <!-- МЕТРИКИ:                                                                   -->
    <!--   index.html: 1142 → 1471 строк (+329)                                   -->
    <!--   main.py: 425 → 536 строк (+111), version 3.0 → 4.0                    -->
    <!--   Новые JS функции: saveComment, loadComments, deleteComment,             -->
    <!--     renderComments, updatePrBadge, loadClients, saveClients, genId,       -->
    <!--     updateCabBadge, toggleAddForm, addClient, deleteClient, calcClient,   -->
    <!--     openClientModal, saveClientNote, deleteClientNote, renderClients (16) -->
    <!--   Новые API endpoints: 2 (bulk-calculate, export)                         -->
    <!--   JS syntax: ✅ node - -check (969 строк JS)                               -->
    <!--   Python syntax: ✅ ast.parse()                                            -->
    <!-- ═══════════════════════════════════════════════════════════════════════════ -->
    <Phase id="8" name="Practitioner Cabinet and Extended API"
           duration="1 day" status="completed" startDate="2026-02-19" completedDate="2026-02-19">
      <Goals>
        <Goal status="completed">4.2 — Комментарии к практикам (localStorage)</Goal>
        <Goal status="completed">4.3 — Личный кабинет практика (клиенты + сеансы)</Goal>
        <Goal status="completed">4.4 — Расширенный API (bulk-calculate, export)</Goal>
      </Goals>

      <Sprint id="8.1" name="Комментарии к практикам" status="completed" startDate="2026-02-19" completedDate="2026-02-19">
        <Task id="8.1.1" priority="high" status="completed" completedDate="2026-02-19">
          <Title>Комментарии в wizard-модале практик</Title>
          <Description>
            На финальном экране wizard: форма добавления заметки (textarea + кнопка «Сохранить заметку»).
            Список предыдущих заметок с датами и кнопкой удаления.
            localStorage['practice_comments'][practiceId] = [{ts, text}].
            Счётчик заметок на карточке практики.
          </Description>
          <EstimatedHours>3</EstimatedHours>
          <ActualHours>2</ActualHours>
          <File>app/index.html — saveComment(), loadComments(), renderComments(), deleteComment(), updatePrBadge()</File>
        </Task>
      </Sprint>

      <Sprint id="8.2" name="Кабинет практика" status="completed" startDate="2026-02-19" completedDate="2026-02-19">
        <Task id="8.2.1" priority="high" status="completed" completedDate="2026-02-19">
          <Title>Новая секция page-cabinet — Кабинет практика</Title>
          <Description>
            7-я секция приложения. Кнопка «◉ Кабинет» в навигации + cab-badge.
            Форма добавления клиента: ФИО + дата → localCalc() при добавлении.
            clients-grid: карточки с ЧР/ПЖ/ФК/ЧС, кнопки Пересчитать/Заметки/Удалить.
            Modal для заметок: история сеансов + форма заметок практика.
            localStorage['practitioner_clients'] (max 30 сеансов, 50 заметок/клиент).
          </Description>
          <EstimatedHours>5</EstimatedHours>
          <ActualHours>4</ActualHours>
          <File>app/index.html — page-cabinet, 9 новых функций кабинета</File>
        </Task>
      </Sprint>

      <Sprint id="8.3" name="Расширенный API" status="completed" startDate="2026-02-19" completedDate="2026-02-19">
        <Task id="8.3.1" priority="medium" status="completed" completedDate="2026-02-19">
          <Title>POST /api/bulk-calculate в main.py</Title>
          <ActualHours>1</ActualHours>
          <File>main.py — BulkClientItem, BulkRequest, /api/bulk-calculate</File>
        </Task>
        <Task id="8.3.2" priority="medium" status="completed" completedDate="2026-02-19">
          <Title>GET /api/export в main.py</Title>
          <ActualHours>0.5</ActualHours>
          <File>main.py — /api/export, PlainTextResponse</File>
        </Task>
      </Sprint>

      <Summary>
        Phase 8 завершена 2026-02-19. Реализованы: комментарии к практикам (16 JS функций),
        кабинет практика с управлением клиентами (localStorage CRUD), 2 новых API endpoint.
        index.html: 1142→1471 строк. main.py: 425→536 строк, v4.0.
        Закрыты задачи Phase 4: 4.2, 4.3, 4.4. Phase 4.1 (мобильное приложение) — отложено.
      </Summary>
      <Progress>100%</Progress>

      <Deliverables>
        <Deliverable status="completed">Комментарии к практикам в wizard-финале + бейджи</Deliverable>
        <Deliverable status="completed">Секция «Кабинет практика» — CRUD клиентов, сеансы, заметки</Deliverable>
        <Deliverable status="completed">POST /api/bulk-calculate (max 50 клиентов)</Deliverable>
        <Deliverable status="completed">GET /api/export (text/plain, attachment)</Deliverable>
      </Deliverables>
    </Phase>

    <Phase id="4" name="Scale" duration="8+ weeks" status="planned">
      <Goals>
        <Goal>Мобильное приложение</Goal>
        <Goal>Сообщество</Goal>
        <Goal>Платформа для практиков</Goal>
      </Goals>
      <Tasks>
        <Task id="4.1" priority="high" status="pending">
          <Title>Мобильное приложение</Title>
          <Description>React Native / Flutter</Description>
          <EstimatedHours>40</EstimatedHours>
        </Task>
        <Task id="4.2" priority="medium" status="completed" completedDate="2026-02-19" completedInPhase="8.1">
          <Title>Система комментариев</Title>
          <Description>Заметки к практикам — реализовано в Phase 8.1</Description>
          <EstimatedHours>16</EstimatedHours>
        </Task>
        <Task id="4.3" priority="medium" status="completed" completedDate="2026-02-19" completedInPhase="8.2">
          <Title>Личный кабинет практика</Title>
          <Description>Управление клиентами — реализовано в Phase 8.2</Description>
          <EstimatedHours>24</EstimatedHours>
        </Task>
        <Task id="4.4" priority="low" status="completed" completedDate="2026-02-19" completedInPhase="8.3">
          <Title>API для интеграций</Title>
          <Description>bulk-calculate + export — реализовано в Phase 8.3</Description>
          <EstimatedHours>20</EstimatedHours>
        </Task>
      </Tasks>
    </Phase>

    <!-- ════════════════════════════════════════════════════════════════════ -->
    <!-- PHASE 9: XML REPAIR + PWA (Progressive Web App)                    -->
    <!-- Дата: 2026-02-19  |  Исполнитель: Claude (Anthropic)               -->
    <!--                                                                      -->
    <!-- КОНСПЕКТ НАЧАЛА (START):                                             -->
    <!-- Аудит pdf4.zip выявил:                                               -->
    <!--   КРИТИЧНО: DevelopmentPlan.xml сломан — mismatched tag line 350    -->
    <!--     (orphan Task элементы 5.2.1-5.2.5 pending после закрытого       -->
    <!--     Sprint), лишний </Sprint> создавал mismatched tag.              -->
    <!--   КРИТИЧНО: дубли Task id=3.2, 3.3, 5.2.1-5.2.5 в XML              -->
    <!--   КРИТИЧНО: неэкранированные &amp; в Description и комментариях     -->
    <!--   КРИТИЧНО: двойные тире внутри XML-комментариев (node - -check)    -->
    <!--   ОШИБКА: Phase 5 Goals status=pending при завершённой фазе         -->
    <!--   GAP: PWA не реализован — нет manifest.json, sw.js, иконок         -->
    <!--                                                                      -->
    <!-- ПЛАН Phase 9:                                                        -->
    <!--   9.1 — XML Repair (все ошибки выше) — СДЕЛАНО перед записью START  -->
    <!--   9.2 — manifest.json (installable PWA: name, icons, shortcuts)     -->
    <!--   9.3 — sw.js Service Worker (offline cache-first/network-first)    -->
    <!--   9.4 — icon-192.svg + icon-512.svg (SVG иконки приложения)         -->
    <!--   9.5 — index.html: meta PWA tags + SW register + install btn       -->
    <!--                                                                      -->
    <!-- АРХИТЕКТУРА SW:                                                      -->
    <!--   CACHE_NAME = 'numerology-v4'                                       -->
    <!--   PRECACHE: /, data/formulas.json, practices.json,                  -->
    <!--             number_meanings.json, algorithms.json                    -->
    <!--   /api/* → network-first (cache fallback при offline)               -->
    <!--   *.json → cache-first                                               -->
    <!--   fonts.googleapis.com → stale-while-revalidate                     -->
    <!--   install btn: beforeinstallprompt → deferredPrompt.prompt()        -->
    <!-- ════════════════════════════════════════════════════════════════════ -->
    <Phase id="9" name="PWA and XML Repair" duration="1 day"
           status="completed" startDate="2026-02-19" completedDate="2026-02-19">
      <Goals>
        <Goal status="completed">9.1 — DevelopmentPlan.xml: все XML-ошибки исправлены</Goal>
        <Goal status="completed">9.2 — manifest.json (installable PWA)</Goal>
        <Goal status="completed">9.3 — sw.js Service Worker (offline support)</Goal>
        <Goal status="completed">9.4 — SVG иконки приложения</Goal>
        <Goal status="completed">9.5 — index.html: PWA meta + SW register + install btn</Goal>
      </Goals>

      <Sprint id="9.1" name="XML Repair" status="completed"
              startDate="2026-02-19" completedDate="2026-02-19">
        <Task id="9.1.1" priority="critical" status="completed" completedDate="2026-02-19">
          <Title>Удалить orphan Tasks 5.2.x (mismatched tag)</Title>
          <Description>Orphan Task-элементы 5.2.1-5.2.5 pending висели вне Sprint
            после закрытого Sprint тега. Удалены + лишний /Sprint тег убран.</Description>
          <ActualHours>0.2</ActualHours>
        </Task>
        <Task id="9.1.2" priority="critical" status="completed" completedDate="2026-02-19">
          <Title>Убрать дублирующиеся Task id (3.2, 3.3, 5.2.x)</Title>
          <Description>Удалены stale-pending дубли. Task 3.4 и 3.5 помечены completed
            (реализованы в Phase 6 и Phase 3 соответственно).</Description>
          <ActualHours>0.1</ActualHours>
        </Task>
        <Task id="9.1.3" priority="high" status="completed" completedDate="2026-02-19">
          <Title>Экранировать &amp; и исправить - - в комментариях</Title>
          <Description>Все &amp; в тексте экранированы. Двойные тире в комментариях
            заменены на одиночные.</Description>
          <ActualHours>0.1</ActualHours>
        </Task>
        <Task id="9.1.4" priority="medium" status="completed" completedDate="2026-02-19">
          <Title>Phase 5 Goals: pending → completed</Title>
          <Description>Phase 5 помечена completed, но Goals имели status=pending.
            Исправлено автоматически.</Description>
          <ActualHours>0.05</ActualHours>
        </Task>
      </Sprint>

      <Sprint id="9.2" name="PWA Implementation" status="in_progress"
              startDate="2026-02-19">
        <Task id="9.2.1" priority="high" status="completed" completedDate="2026-02-19">
          <Title>app/manifest.json</Title>
          <Description>name, short_name, start_url, display: standalone, theme_color: #c8922a,
            background_color: #0f0b1a, icons SVG 192+512, shortcuts (расчёт/поиск/кабинет),
            lang: ru, orientation: any</Description>
          <EstimatedHours>0.5</EstimatedHours>
          <File>app/manifest.json</File>
        </Task>
        <Task id="9.2.2" priority="high" status="completed" completedDate="2026-02-19">
          <Title>app/sw.js — Service Worker</Title>
          <Description>CACHE_NAME=numerology-v4. install: precache static+data.
            activate: clean old caches. fetch: /api/* network-first, *.json cache-first,
            fonts stale-while-revalidate. Offline fallback for API calls.</Description>
          <EstimatedHours>1.5</EstimatedHours>
          <File>app/sw.js</File>
        </Task>
        <Task id="9.2.3" priority="medium" status="completed" completedDate="2026-02-19">
          <Title>app/icon-192.svg + app/icon-512.svg</Title>
          <Description>SVG иконки с символом нумерологии (✦) на тёмном фоне,
            gold цвет #c8922a, используются в manifest.json и как apple-touch-icon.</Description>
          <EstimatedHours>0.3</EstimatedHours>
          <File>app/icon-192.svg, app/icon-512.svg</File>
        </Task>
        <Task id="9.2.4" priority="high" status="completed" completedDate="2026-02-19">
          <Title>index.html: PWA meta tags + SW register + install button</Title>
          <Description>head: link rel=manifest, meta theme-color, apple-mobile-web-app tags.
            JS: registerSW(), beforeinstallprompt listener, install btn в sidebar-footer.
            Поддержка shortcuts через URL params (?section=X).</Description>
          <EstimatedHours>1</EstimatedHours>
          <File>app/index.html</File>
        </Task>
      </Sprint>

      <Deliverables>
        <Deliverable status="completed">DevelopmentPlan.xml — валидный XML (0 ошибок)</Deliverable>
        <Deliverable status="completed" completedDate="2026-02-19">app/manifest.json — installable PWA</Deliverable>
        <Deliverable status="completed" completedDate="2026-02-19">app/sw.js — offline cache Service Worker</Deliverable>
        <Deliverable status="completed" completedDate="2026-02-19">app/icon-192.svg, app/icon-512.svg</Deliverable>
        <Deliverable status="completed" completedDate="2026-02-19">index.html — PWA meta + install UX</Deliverable>
      </Deliverables>
      <!-- ═══ КОНСПЕКТ ЗАВЕРШЕНИЯ (DONE): 2026-02-19 ═══
           ✅ 9.1 — XML Repair: все 4 ошибки исправлены программно (regex+ET)
               orphan Tasks удалены, дубли убраны, &amp; экранированы, - - исправлены
               python3 xml.etree.ElementTree: parse OK, 9 phases, 1 pending (4.1 mobile)
           ✅ 9.2.1 — manifest.json: installable PWA
               name/short_name, display=standalone, theme_color=#c8922a,
               background_color=#0f0b1a, 2 SVG icons, 4 shortcuts
           ✅ 9.2.2 — sw.js (169 строк):
               CACHE_NAME=numerology-v4, CACHE_DATA, CACHE_API
               install: precache static + 4 data JSON
               activate: clean old caches + clients.claim()
               fetch: /api/* network-first, data/*.json cache-first,
                      fonts stale-while-revalidate, else cache-first
               message: SKIP_WAITING + CACHE_PURGE handlers
           ✅ 9.2.3 — icon-192.svg + icon-512.svg:
               Gold ✦ symbol on dark #0f0b1a bg, #c8922a accent,
               radialGradient background, decorative rings + dot accents
           ✅ 9.2.4 — index.html (+79 строк):
               head: <link rel=manifest>, meta theme-color, apple-mobile-web-app-*,
               apple-touch-icon, favicon SVG
               sidebar-footer: #btn-install (btn-install class, hidden by default)
               JS: registerSW(), beforeinstallprompt handler, installPWA(),
               appinstalled handler, handleShortcut() (?s= param для PWA shortcuts)
               DOMContentLoaded: registerSW() + handleShortcut() || parseURLParams()
           ✅ 9.x — main.py v4.0→v4.1:
               PWAHeadersMiddleware: Service-Worker-Allowed: / для sw.js,
               Cache-Control: no-cache для sw.js, X-Content-Type-Options: nosniff
           МЕТРИКИ:
             index.html: 1471 → 1550 строк (+79)
             main.py:    536  → 553  строк (+17), v4.0 → v4.1
             Новых файлов: 4 (manifest.json, sw.js, icon-192.svg, icon-512.svg)
             JS строк: 969 → 1027 (+58), syntax ✅
             XML: ✅ 9 phases, 1 pending (4.1 mobile)
      -->
      <Summary>Phase 9 завершена 2026-02-19. Починен сломанный XML (5 типов ошибок).
        Реализован полноценный PWA: manifest, Service Worker (3 стратегии кэша),
        SVG иконки, install prompt, PWA shortcuts, Apple meta tags.
        main.py v4.1 с PWAHeadersMiddleware для правильных заголовков SW.</Summary>

      <Deliverables>
        <Deliverable status="completed">DevelopmentPlan.xml — валидный XML (0 ошибок, 9 phases)</Deliverable>
        <Deliverable status="completed">app/manifest.json — installable PWA, 4 shortcuts</Deliverable>
        <Deliverable status="completed">app/sw.js — offline cache, 3 стратегии (network-first/cache-first/SWR)</Deliverable>
        <Deliverable status="completed">app/icon-192.svg, app/icon-512.svg — gold ✦ иконки</Deliverable>
        <Deliverable status="completed">index.html — PWA meta + install btn + shortcuts + SW register</Deliverable>
        <Deliverable status="completed">main.py v4.1 — PWAHeadersMiddleware</Deliverable>
      </Deliverables>

    </Phase>

  </Phases>

  <UseCases>
    <UseCase id="1" name="Нумерологический расчёт">
      <Actor>Пользователь</Actor>
      <Description>Пользователь вводит дату рождения и получает расчёт</Description>
      <Flow>
        <Step>1. Пользователь вводит ДД.ММ.ГГГГ</Step>
        <Step>2. Система рассчитывает путь жизни</Step>
        <Step>3. Система показывает значение числа</Step>
        <Step>4. Система предлагает практики</Step>
      </Flow>
    </UseCase>
    
    <UseCase id="2" name="Поиск по базе">
      <Actor>Пользователь</Actor>
      <Description>Поиск информации в 83 PDF документах</Description>
      <Flow>
        <Step>1. Пользователь вводит запрос</Step>
        <Step>2. Система ищет в SQLite</Step>
        <Step>3. Выводятся релевантные отрывки</Step>
        <Step>4. Можно открыть полный документ</Step>
      </Flow>
    </UseCase>
    
    <UseCase id="3" name="AI-консультация">
      <Actor>Пользователь</Actor>
      <Description>ИИ анализирует ситуацию на основе базы</Description>
      <Flow>
        <Step>1. Пользователь описывает проблему</Step>
        <Step>2. Система находит релевантные документы</Step>
        <Step>3. Отправляет контекст в OpenAI</Step>
        <Step>4. Выдаёт персонализированный ответ</Step>
      </Flow>
    </UseCase>
  </UseCases>

  <DataModel>
    <Entities>
      <Entity name="Formula">
        <Attributes>
          <Attribute name="id" type="string">Уникальный идентификатор</Attribute>
          <Attribute name="name" type="string">Название</Attribute>
          <Attribute name="category" type="string">Категория</Attribute>
          <Attribute name="inputs" type="array">Поля ввода</Attribute>
          <Attribute name="formula_code" type="string">Код расчёта</Attribute>
        </Attributes>
      </Entity>
      
      <Entity name="Document">
        <Attributes>
          <Attribute name="id" type="integer">ID</Attribute>
          <Attribute name="filename" type="string">Имя файла</Attribute>
          <Attribute name="title" type="string">Заголовок</Attribute>
          <Attribute name="content" type="string">Полный текст</Attribute>
          <Attribute name="categories" type="array">Категории</Attribute>
        </Attributes>
      </Entity>
      
      <Entity name="Practice">
        <Attributes>
          <Attribute name="id" type="string">ID</Attribute>
          <Attribute name="name" type="string">Название</Attribute>
          <Attribute name="duration" type="string">Длительность</Attribute>
          <Attribute name="steps" type="array">Шаги</Attribute>
          <Attribute name="materials" type="array">Материалы</Attribute>
        </Attributes>
      </Entity>
    </Entities>
  </DataModel>

  <TechnologyStack>
    <Backend>
      <Technology name="Python" version="3.8+">Основной язык</Technology>
      <Technology name="SQLite">Полнотекстовый поиск</Technology>
      <Technology name="FastAPI" optional="true">API сервер</Technology>
    </Backend>
    <Frontend>
      <Technology name="JavaScript">Клиентский код</Technology>
      <Technology name="HTML5/CSS3">Разметка и стили</Technology>
      <Technology name="Chart.js" optional="true">Визуализация</Technology>
    </Frontend>
    <OCR>
      <Technology name="Tesseract-OCR">Распознавание</Technology>
      <Technology name="pdf2image">Конвертация</Technology>
      <Technology name="Poppler">PDF библиотека</Technology>
    </OCR>
    <AI>
      <Technology name="OpenAI API" optional="true">GPT интеграция</Technology>
      <Technology name="LangChain" optional="true">RAG система</Technology>
    </AI>
  </TechnologyStack>

  <FileStructure>
    <Directory name="knowledge_base_v2">
      <Directory name="data">
        <File name="complete_knowledge_base.json">Главный JSON</File>
        <File name="knowledge_base.db">SQLite база</File>
        <File name="formulas.json">Формулы (15)</File>
        <File name="practices.json">Практики (8)</File>
        <File name="number_meanings.json">Значения чисел (11)</File>
        <File name="algorithms.json">Алгоритмы (2)</File>
      </Directory>
      <Directory name="processor">
        <File name="ocr_utils.py">OCR модуль</File>
        <File name="build_full_database.py">Создание SQLite</File>
        <File name="create_database.py">Создание JSON</File>
      </Directory>
      <Directory name="app">
        <Directory name="calculator">Калькулятор</Directory>
        <Directory name="search">Поиск</Directory>
        <Directory name="ui">Интерфейс</Directory>
      </Directory>
      <Directory name="docs">
        <File name="Architecture.md">Архитектура</File>
        <File name="DevelopmentPlan.xml">План разработки</File>
      </Directory>
    </Directory>
  </FileStructure>

  <NextSteps>
    <Immediate>
      <Step priority="1">Создать KnowledgeBase Python класс</Step>
      <Step priority="2">Реализовать базовые расчёты</Step>
      <Step priority="3">Создать CLI интерфейс</Step>
    </Immediate>
    <ShortTerm>
      <Step priority="1">Разработать веб-интерфейс</Step>
      <Step priority="2">Интегрировать SQLite поиск</Step>
      <Step priority="3">Добавить систему практик</Step>
    </ShortTerm>
  </NextSteps>

  <Metrics>
    <Metric name="PDF Files" value="83">Обработано PDF</Metric>
    <Metric name="HTML Files" value="2">Обработано HTML</Metric>
    <Metric name="JSON Size" value="41KB">Размер базы</Metric>
    <Metric name="Formulas" value="15">Число формул</Metric>
    <Metric name="Practices" value="8">Число практик</Metric>
    <Metric name="Total Hours" value="229">Оценка часов (MVP+Core)</Metric>
  </Metrics>

  <Risks>
    <Risk level="low">
      <Description>Качество OCR может быть низким для некоторых PDF</Description>
      <Mitigation>Ручная проверка ключевых документов</Mitigation>
    </Risk>
    <Risk level="medium">
      <Description>Сложность интеграции AI может быть выше ожидаемой</Description>
      <Mitigation>Начать с простого RAG, постепенно усложнять</Mitigation>
    </Risk>
    <Risk level="low">
      <Description>Производительность SQLite при большом количестве пользователей</Description>
      <Mitigation>Миграция на PostgreSQL при масштабировании</Mitigation>
    </Risk>
  </Risks>

</DevelopmentPlan>