[
  {
    "id": "selection_scheme",
    "name": "Схема выбора техники проработки",
    "category": "algorithm",
    "type": "decision_tree",
    "description": "Алгоритм выбора подходящей практики",
    "steps": [
      "Определить тип запроса",
      "Выбрать категорию (родовые/личные)",
      "Определить уровень проработки",
      "Подобрать технику"
    ],
    "source_files": [
      "Алгоритм подбора схемы проработки.pdf",
      "Алгоритм_выбора_техники_проработки.pdf",
      "СхемаВыбора.pdf",
      "УпрощеннаяСхема.pdf"
    ]
  },
  {
    "id": "analysis_structure",
    "name": "Структура эффективного анализа",
    "category": "algorithm",
    "type": "methodology",
    "steps": [
      "Сбор информации о клиенте",
      "Составление генограммы",
      "Определение ключевых событий",
      "Анализ родовых программ",
      "Подбор практик"
    ],
    "source_files": [
      "Структура эффективного анализа.pdf"
    ]
  }
]