[
  {
    "id": "birth_number",
    "name": "Число рождения",
    "category": "numerology",
    "subcategory": "basic",
    "description": "Характеристика личности по дню рождения",
    "formula": "День рождения → сведение к однозначному числу",
    "formula_code": "reduce_to_single(day)",
    "inputs": [
      {
        "name": "day",
        "type": "number",
        "min": 1,
        "max": 31,
        "label": "День рождения"
      }
    ],
    "output": {
      "type": "number",
      "range": "1-9, 11, 22, 33"
    },
    "example": {
      "input": {
        "day": 25
      },
      "output": 7,
      "calculation": "25 → 2+5 = 7"
    },
    "meaning": "Показывает внешние проявления, поведение, отношение к миру",
    "source_files": [
      "Число рождения.pdf",
      "цифра1.pdf",
      "цифра2.pdf",
      "цифра4.pdf",
      "цифра5.pdf",
      "цифра6.pdf",
      "цифра7.pdf",
      "цифра 3.pdf",
      "цифра 8.pdf",
      "цифра9..pdf"
    ]
  },
  {
    "id": "life_path",
    "name": "Путь жизни",
    "category": "numerology",
    "subcategory": "basic",
    "description": "Главное предназначение и задачи жизни",
    "formula": "ДД + ММ + ГГГГ → сведение к однозначному",
    "formula_code": "reduce_to_single(day + month + year)",
    "inputs": [
      {
        "name": "day",
        "type": "number",
        "min": 1,
        "max": 31,
        "label": "День"
      },
      {
        "name": "month",
        "type": "number",
        "min": 1,
        "max": 12,
        "label": "Месяц"
      },
      {
        "name": "year",
        "type": "number",
        "min": 1900,
        "max": 2100,
        "label": "Год"
      }
    ],
    "output": {
      "type": "number",
      "range": "1-9, 11, 22, 33"
    },
    "example": {
      "input": {
        "day": 15,
        "month": 6,
        "year": 1990
      },
      "output": 4,
      "calculation": "15+6+1990=2011 → 2+0+1+1=4"
    },
    "meaning": "Основное предназначение, жизненный путь, уроки",
    "source_files": [
      "Личные циклы.pdf",
      "Как_число_рождения_влияет_на_человека.pdf"
    ]
  },
  {
    "id": "destiny_number",
    "name": "Число судьбы",
    "category": "numerology",
    "subcategory": "name",
    "description": "Судьба и жизненная миссия по имени",
    "formula": "Сумма букв ФИО по таблице → сведение к однозначному",
    "formula_code": "reduce_to_single(sum(letter_values[name]))",
    "inputs": [
      {
        "name": "fullname",
        "type": "text",
        "label": "ФИО полностью"
      }
    ],
    "output": {
      "type": "number",
      "range": "1-9, 11, 22"
    },
    "example": {
      "input": {
        "fullname": "Иванов Иван Иванович"
      },
      "output": 1,
      "calculation": "Сумма букв → сведение"
    },
    "meaning": "Миссия, предназначение, что нужно достичь в жизни",
    "source_files": [
      "РасчетФИО.pdf",
      "предназначение.pdf"
    ],
    "letter_table": {
      "1": [
        "А",
        "И",
        "Й",
        "Ы"
      ],
      "2": [
        "Б",
        "К",
        "У",
        "Ь"
      ],
      "3": [
        "В",
        "Л",
        "Ф",
        "Э"
      ],
      "4": [
        "Г",
        "М",
        "Х",
        "Ъ"
      ],
      "5": [
        "Д",
        "Н",
        "Ц"
      ],
      "6": [
        "Е",
        "Ё",
        "О",
        "Ч"
      ],
      "7": [
        "Ж",
        "П",
        "Ш"
      ],
      "8": [
        "З",
        "Р",
        "Щ"
      ],
      "9": [
        "С",
        "Т",
        "Ю"
      ]
    }
  },
  {
    "id": "soul_number",
    "name": "Число души",
    "category": "numerology",
    "subcategory": "name",
    "description": "Внутренние желания и потребности",
    "formula": "Сумма гласных букв ФИО → сведение",
    "formula_code": "reduce_to_single(sum(vowels_in_name))",
    "inputs": [
      {
        "name": "fullname",
        "type": "text",
        "label": "ФИО полностью"
      }
    ],
    "output": {
      "type": "number",
      "range": "1-9, 11, 22"
    },
    "example": {
      "input": {
        "fullname": "Иванов Иван"
      },
      "output": 3,
      "calculation": "Гласные: И,А,О,И,А → сумма → сведение"
    },
    "meaning": "Внутренние желания, мотивы, что действительно важно",
    "source_files": [
      "РасчетФИО.pdf"
    ],
    "vowels": [
      "А",
      "Е",
      "Ё",
      "И",
      "О",
      "У",
      "Ы",
      "Э",
      "Ю",
      "Я"
    ]
  },
  {
    "id": "expression_number",
    "name": "Число выражения",
    "category": "numerology",
    "subcategory": "name",
    "description": "Способ самовыражения и таланты",
    "formula": "Сумма согласных букв ФИО → сведение",
    "formula_code": "reduce_to_single(sum(consonants_in_name))",
    "inputs": [
      {
        "name": "fullname",
        "type": "text",
        "label": "ФИО полностью"
      }
    ],
    "output": {
      "type": "number",
      "range": "1-9, 11, 22"
    },
    "meaning": "Способности, таланты, как выражаешь себя миру",
    "source_files": [
      "РасчетФИО.pdf"
    ]
  },
  {
    "id": "chakra_balance",
    "name": "Баланс чакр",
    "category": "energy",
    "subcategory": "chakras",
    "description": "Энергетический баланс по 7 чакрам",
    "formula": "Соседние цифры даты рождения: 1+2, 2+3, 3+4...",
    "formula_code": "chakras[i] = digits[i] + digits[i+1]",
    "inputs": [
      {
        "name": "day",
        "type": "number",
        "min": 1,
        "max": 31,
        "label": "День"
      },
      {
        "name": "month",
        "type": "number",
        "min": 1,
        "max": 12,
        "label": "Месяц"
      },
      {
        "name": "year",
        "type": "number",
        "min": 1900,
        "max": 2100,
        "label": "Год"
      }
    ],
    "output": {
      "type": "array",
      "count": 7,
      "names": [
        "Муладхара",
        "Свадхистана",
        "Манипура",
        "Анахата",
        "Вишудха",
        "Аджна",
        "Сахасрара"
      ]
    },
    "example": {
      "input": {
        "day": 15,
        "month": 6,
        "year": 1990
      },
      "output": [
        6,
        5,
        6,
        10,
        19,
        10,
        9
      ],
      "calculation": "15061990 → 1+5, 5+0, 0+6, 6+1, 1+9, 9+9, 9+0"
    },
    "meaning": "Энергетический потенциал по каждому центру",
    "source_files": [
      "чакры.pdf",
      "энергетический просмотр.pdf"
    ]
  },
  {
    "id": "financial_channel",
    "name": "Родовой финансовый канал",
    "category": "ancestral",
    "subcategory": "financial",
    "description": "Точки входа в родовой финансовый канал",
    "formula": "A=День, B=Месяц, C=Сумма цифр года, D=A+B+C → сведение",
    "formula_code": "A=day, B=month, C=sum(year_digits), D=reduce(A+B+C)",
    "inputs": [
      {
        "name": "day",
        "type": "number",
        "min": 1,
        "max": 31,
        "label": "День"
      },
      {
        "name": "month",
        "type": "number",
        "min": 1,
        "max": 12,
        "label": "Месяц"
      },
      {
        "name": "year",
        "type": "number",
        "min": 1900,
        "max": 2100,
        "label": "Год"
      }
    ],
    "output": {
      "type": "object",
      "fields": [
        "A",
        "B",
        "C",
        "D"
      ]
    },
    "example": {
      "input": {
        "day": 15,
        "month": 6,
        "year": 1990
      },
      "output": {
        "A": 15,
        "B": 6,
        "C": 19,
        "D": 4
      },
      "calculation": "A=15, B=6, C=1+9+9+0=19, D=15+6+19=40→4"
    },
    "meaning": "Денежный потенциал и точки входа в родовой канал",
    "source_files": [
      "Родовой финансовый канал.pdf",
      "Точки входа в финансовый канал.pdf",
      "энергия денег в Роду.pdf"
    ]
  },
  {
    "id": "generational_program",
    "name": "Программа поколений",
    "category": "ancestral",
    "subcategory": "generational",
    "description": "Родовая программа по арканам (1-22)",
    "formula": "Сумма всех цифр даты → сведение к аркану (1-22)",
    "formula_code": "reduce_to_22(sum(all_date_digits))",
    "inputs": [
      {
        "name": "day",
        "type": "number",
        "min": 1,
        "max": 31,
        "label": "День"
      },
      {
        "name": "month",
        "type": "number",
        "min": 1,
        "max": 12,
        "label": "Месяц"
      },
      {
        "name": "year",
        "type": "number",
        "min": 1900,
        "max": 2100,
        "label": "Год"
      }
    ],
    "output": {
      "type": "number",
      "range": "1-22"
    },
    "example": {
      "input": {
        "day": 15,
        "month": 6,
        "year": 1990
      },
      "output": 4,
      "calculation": "1+5+0+6+1+9+9+0=31 → 3+1=4"
    },
    "meaning": "Родовые задачи и программы через арканы Таро",
    "source_files": [
      "Программы поколений Рода.pdf",
      "12 Ансестологических циклов.pdf",
      "Какие_события_формируют_Родовые_программы.pdf"
    ]
  },
  {
    "id": "ancestral_cycles",
    "name": "12 Ансестологических циклов",
    "category": "ancestral",
    "subcategory": "cycles",
    "description": "Циклы развития по годам",
    "formula": "Базовое число = сведение(День+Месяц), Цикл = Базовое + номер цикла",
    "formula_code": "base = reduce(day+month), cycle[i] = reduce(base + i)",
    "inputs": [
      {
        "name": "day",
        "type": "number",
        "min": 1,
        "max": 31,
        "label": "День"
      },
      {
        "name": "month",
        "type": "number",
        "min": 1,
        "max": 12,
        "label": "Месяц"
      }
    ],
    "output": {
      "type": "array",
      "count": 12
    },
    "example": {
      "input": {
        "day": 15,
        "month": 6
      },
      "output": [
        3,
        4,
        5,
        6,
        7,
        8,
        9,
        1,
        2,
        3,
        4,
        5
      ],
      "calculation": "15+6=21→3, 3+1=4..."
    },
    "source_files": [
      "12 Ансестологических циклов.pdf",
      "Личные циклы.pdf"
    ]
  },
  {
    "id": "vuz_calculation",
    "name": "Расчет ВУЗа/образования",
    "category": "calculations",
    "subcategory": "education",
    "description": "Подходящее направление обучения",
    "formula": "На основе числа судьбы и пути жизни",
    "inputs": [
      {
        "name": "life_path",
        "type": "number",
        "label": "Путь жизни"
      },
      {
        "name": "destiny",
        "type": "number",
        "label": "Число судьбы"
      }
    ],
    "source_files": [
      "Расчет ВУЗа.pdf",
      "выбор профессии.pdf"
    ]
  },
  {
    "id": "property_calculation",
    "name": "Расчет имущества/недвижимости",
    "category": "calculations",
    "subcategory": "property",
    "description": "Благоприятность приобретения",
    "formula": "На основе текущего цикла и финансового канала",
    "inputs": [
      {
        "name": "year",
        "type": "number",
        "label": "Год покупки"
      }
    ],
    "source_files": [
      "РасчетИмущество.pdf"
    ]
  },
  {
    "id": "relocation_calculation",
    "name": "Расчет переезда",
    "category": "calculations",
    "subcategory": "relocation",
    "description": "Благоприятность переезда",
    "formula": "Совместимость текущего и нового места",
    "inputs": [
      {
        "name": "current_city",
        "type": "text",
        "label": "Текущий город"
      },
      {
        "name": "new_city",
        "type": "text",
        "label": "Новый город"
      },
      {
        "name": "date",
        "type": "date",
        "label": "Дата переезда"
      }
    ],
    "source_files": [
      "Расчеты переезда и поездки.pdf"
    ]
  },
  {
    "id": "relationship_calculation",
    "name": "Расчет отношений",
    "category": "calculations",
    "subcategory": "relationships",
    "description": "Совместимость партнеров",
    "formula": "Сравнение путей жизни и чисел рождения",
    "inputs": [
      {
        "name": "person1_birth",
        "type": "date",
        "label": "Дата рождения 1"
      },
      {
        "name": "person2_birth",
        "type": "date",
        "label": "Дата рождения 2"
      }
    ],
    "source_files": [
      "расчеты по отношениям.pdf",
      "Типы_отношений_Основные_типы_отношений.pdf",
      "Картаблизнецов.pdf"
    ]
  },
  {
    "id": "business_calculation",
    "name": "Расчет бизнеса",
    "category": "calculations",
    "subcategory": "business",
    "description": "Благоприятность для бизнеса",
    "formula": "Финансовый канал + цикл + число судьбы",
    "inputs": [
      {
        "name": "day",
        "type": "number",
        "label": "День"
      },
      {
        "name": "month",
        "type": "number",
        "label": "Месяц"
      },
      {
        "name": "year",
        "type": "number",
        "label": "Год"
      }
    ],
    "source_files": [
      "расчеты по бизнесу.pdf",
      "Расчет по инвестициям.pdf",
      "РасчетРисков.pdf"
    ]
  },
  {
    "id": "pregnancy_calculation",
    "name": "Расчет по беременности",
    "category": "calculations",
    "subcategory": "health",
    "description": "Благоприятные периоды",
    "formula": "На основе личных циклов и чакр",
    "inputs": [
      {
        "name": "mother_birth",
        "type": "date",
        "label": "Дата рождения матери"
      },
      {
        "name": "planned_date",
        "type": "date",
        "label": "Планируемая дата"
      }
    ],
    "source_files": [
      "Расчёт по беременности.pdf",
      "расширенная схема проработки нерожденных детей.pdf"
    ]
  }
]