{
  "version": "2.0",
  "created": "2026-02-17T13:50:16.723613",
  "structure": {
    "lightweight": {
      "description": "Лёгкие JSON для калькулятора",
      "files": [
        "formulas.json (15 формул)",
        "practices.json (8 практик)",
        "number_meanings.json (11 значений)",
        "algorithms.json (2 алгоритма)"
      ],
      "size_kb": 41
    },
    "fulltext": {
      "description": "Полнотекстовая база SQLite",
      "file": "knowledge_base.db",
      "documents": 22,
      "size_mb": 0.25,
      "categories": [
        "ancestral",
        "calculations",
        "diagnostics",
        "energy",
        "financial",
        "health",
        "numerology",
        "practices",
        "psychology"
      ]
    }
  },
  "usage": {
    "calculator": "Используйте lightweight JSON (41KB)",
    "search": "Используйте SQLite базу для полнотекстового поиска",
    "api": "Импортируйте knowledge_base.py для работы с обоими источниками"
  }
}