{
  "1": {
    "title": "Единица - Лидерство",
    "keywords": [
      "лидер",
      "индивидуальность",
      "независимость",
      "амбиции"
    ],
    "positive": [
      "целеустремленность",
      "инициативность",
      "смелость"
    ],
    "negative": [
      "эгоизм",
      "тирания",
      "упрямство"
    ],
    "professions": [
      "руководитель",
      "предприниматель",
      "политик"
    ],
    "source_files": [
      "цифра1.pdf"
    ]
  },
  "2": {
    "title": "Двойка - Дипломатия",
    "keywords": [
      "гармония",
      "сотрудничество",
      "чувствительность"
    ],
    "positive": [
      "такт",
      "дипломатия",
      "интуиция"
    ],
    "negative": [
      "зависимость",
      "нерешительность",
      "избегание конфликтов"
    ],
    "professions": [
      "дипломат",
      "психолог",
      "юрист"
    ],
    "source_files": [
      "цифра2.pdf"
    ]
  },
  "3": {
    "title": "Тройка - Творчество",
    "keywords": [
      "самовыражение",
      "оптимизм",
      "коммуникация"
    ],
    "positive": [
      "креативность",
      "харизма",
      "веселье"
    ],
    "negative": [
      "поверхностность",
      "расточительность",
      "беспечность"
    ],
    "professions": [
      "артист",
      "писатель",
      "маркетолог"
    ],
    "source_files": [
      "цифра 3.pdf"
    ]
  },
  "4": {
    "title": "Четверка - Стабильность",
    "keywords": [
      "практичность",
      "порядок",
      "трудолюбие"
    ],
    "positive": [
      "надежность",
      "терпение",
      "дисциплина"
    ],
    "negative": [
      "застой",
      "консерватизм",
      "занудство"
    ],
    "professions": [
      "инженер",
      "бухгалтер",
      "строитель"
    ],
    "source_files": [
      "цифра4.pdf"
    ]
  },
  "5": {
    "title": "Пятерка - Свобода",
    "keywords": [
      "перемены",
      "адаптивность",
      "приключения"
    ],
    "positive": [
      "гибкость",
      "любознательность",
      "энергичность"
    ],
    "negative": [
      "беспокойность",
      "нетерпеливость",
      "экстремизм"
    ],
    "professions": [
      "журналист",
      "туристический агент",
      "консультант"
    ],
    "source_files": [
      "цифра5.pdf"
    ]
  },
  "6": {
    "title": "Шестерка - Забота",
    "keywords": [
      "семья",
      "ответственность",
      "исцеление"
    ],
    "positive": [
      "забота",
      "сострадание",
      "надежность"
    ],
    "negative": [
      "тревожность",
      "контроль",
      "жертвенность"
    ],
    "professions": [
      "врач",
      "учитель",
      "социальный работник"
    ],
    "source_files": [
      "цифра6.pdf"
    ]
  },
  "7": {
    "title": "Семерка - Анализ",
    "keywords": [
      "мудрость",
      "духовность",
      "интуиция"
    ],
    "positive": [
      "аналитичность",
      "глубина",
      "интеллект"
    ],
    "negative": [
      "отчуждение",
      "педантизм",
      "скептицизм"
    ],
    "professions": [
      "ученый",
      "философ",
      "исследователь"
    ],
    "source_files": [
      "цифра7.pdf"
    ]
  },
  "8": {
    "title": "Восьмерка - Власть",
    "keywords": [
      "успех",
      "управление",
      "карма"
    ],
    "positive": [
      "организованность",
      "эффективность",
      "влияние"
    ],
    "negative": [
      "жадность",
      "авторитаризм",
      "работоголизм"
    ],
    "professions": [
      "менеджер",
      "банкир",
      "администратор"
    ],
    "source_files": [
      "цифра 8.pdf"
    ]
  },
  "9": {
    "title": "Девятка - Служение",
    "keywords": [
      "гуманизм",
      "завершение",
      "сострадание"
    ],
    "positive": [
      "альтруизм",
      "толерантность",
      "универсальность"
    ],
    "negative": [
      "разрозненность",
      "разочарование",
      "самопожертвование"
    ],
    "professions": [
      "филантроп",
      "художник",
      "духовный учитель"
    ],
    "source_files": [
      "цифра9..pdf"
    ]
  },
  "11": {
    "title": "Одиннадцать — Провидец",
    "keywords": [
      "интуиция",
      "вдохновение",
      "духовность",
      "идеализм"
    ],
    "description": "Мастер-число 11 — число духовного провидения и высшей интуиции. Люди с этим числом обладают особой чувствительностью к тонким планам и способны вдохновлять других своим видением.",
    "positive": [
      "глубокая интуиция",
      "духовная мудрость",
      "вдохновляющая сила",
      "высокая эмпатия",
      "творческое видение",
      "духовное лидерство"
    ],
    "negative": [
      "нервозность",
      "чрезмерный идеализм",
      "эмоциональные перегрузки",
      "нерешительность",
      "уход от реальности",
      "чувствительность к критике"
    ],
    "professions": [
      "духовный наставник",
      "психолог",
      "художник",
      "писатель",
      "медитационный учитель",
      "астролог",
      "целитель",
      "педагог"
    ]
  },
  "22": {
    "title": "Двадцать два — Мастер-строитель",
    "keywords": [
      "воплощение",
      "мастерство",
      "созидание",
      "практическая мудрость"
    ],
    "description": "Мастер-число 22 — наиболее мощное число нумерологии. Способность воплощать грандиозные идеи в реальность, объединяя духовное видение с практическим действием.",
    "positive": [
      "воплощение великих идей",
      "организаторский талант",
      "практическая мудрость",
      "высокая дисциплина",
      "дальновидность",
      "сильное лидерство"
    ],
    "negative": [
      "перфекционизм",
      "давление ответственностью",
      "подавление эмоций",
      "трудоголизм",
      "страх провала великих планов",
      "жёсткость"
    ],
    "professions": [
      "архитектор",
      "стратег",
      "основатель организаций",
      "политик",
      "системный инженер",
      "бизнес-лидер",
      "строитель институтов",
      "реформатор"
    ]
  }
}